id,"movie","year","email","nickname","content"
12,"Beauty and the Beast","2017","vkazas2@gmail.com","vkazas2","this is a message test"
22,"Beauty and the Beast","2017","vkazas2@gmail.com","vkazas2","this is a message test"
32,"Beauty and the Beast","2017","vkazas2@gmail.com","vkazas2","this is not a message test"
42,"Get out","2017","vkazas2@gmail.com","vkazas2","get out room"
52,"Beauty and the Beast","2017","milky@gmail.com","Milky","see??"
62,"Beauty and the Beast","2017","a@a.com","a","hi"
72,"Get out","2017","b@b.com","b","hihi"
82,"Beauty and the Beast","2017","milky@gmail.com","Milky","lalala"
92,"Beauty and the Beast","2017","b@b.com","b","hi"
102,"Logan","2017","b@b.com","b","is any one here"
112,"Beauty and the Beast","2017","b@b.com","b","hi do you like emma"
122,"Logan","2017","milky@gmail.com","Milky","Do you see the movie at cinema?"
132,"The Shack","2017","milky@gmail.com","Milky","hi"
142,"Logan","2017","milky@gmail.com","Milky","hi"
152,"Logan","2017","milky@gmail.com","Milky","hi"
162,"Logan","2017","toyofkiwi@gmail.com","Rebecca","How are you?"
172,"Logan","2017","milky@gmail.com","Milky","hi"
182,"Song to Song","2017","milky@gmail.com","Milky","Anybody?"
192,"T2 Trainspotting","2017","milky@gmail.com","Milky","I just love robots"
202,"Logan","2017","octopus@gmail.com","octopus","hi"
212,"Logan","2017","milky@gmail.com","Milky","I am going to see this one. How about we go together?"
222,"Logan","2017","octopus@gmail.com","octopus","sounds good! "
232,"Logan","2017","milky@gmail.com","Milky","So where are you now?"
242,"Logan","2017","octopus@gmail.com","octopus","i am in champaign!"
252,"Logan","2017","octopus@gmail.com","octopus","but i can go anywhere for you !"
262,"Logan","2017","milky@gmail.com","Milky","Oh you are so sweet"
