info_id,"created_time","comments","email","name","year"
52,"2017-03-14 10:52:55","The movie is very violent, almost to the point where you wonder whether even those with the bloodlust for gore can stomach some of the more brutal kills.  It makes a grim reminder that unexplainable things like this happen in our world all the time, though after terrorist events like the shootings in Paris and Orlando, seeing the panic that ensues when guns are introduced is also tough to watch. With that in mind, The Belko Experiment wonâ??t be for everyone, as even diehard horror fans might feel it takes things just a little too far, although it always does so while maintaining the integrity of the characters introduced, and it works well as a movie meant to provoke thought and discussion with a capitol â??P.â? - See more at: http://lrmonline.com/news/the-belko-experiment-review-a-grim-but-effective-social-thriller#sthash.yC8kHWiH.dpuf Read more at: https://tr.im/1lVmp","b@b.com","The Belko Experiment","2016"
49,"2017-03-14 10:44:25","Make no mistake, Logan earns its tears. If Jackman and Stewart are serious about this being their mutual X-Men swan song, they could not have crafted a more heartfelt valedictory.","b@b.com","Logan","2017"
40,"2017-03-14 03:09:20","comments:what is this","a@a.com","Frantz","2016"
60,"2017-03-14 12:08:57","comments:random comment","a@a.com","Beauty and the Beast","2017"
18,"2017-03-13 21:02:15","comments:","a@a.com","abc","2017"
19,"2017-03-13 21:02:24","comments:","a@a.com","bd","2017"
44,"2017-03-14 03:13:56","comments:Emma is so beautiful!","a@a.com","Beauty and the Beast","2017"
38,"2017-03-14 03:07:43","comments:such a great movie","a@a.com","Get out","2017"
37,"2017-03-14 03:06:47","comments:awesome","a@a.com","Logan","2017"
50,"2017-03-14 10:49:50","On an action and technical level the film does have merits for managing to cope with such a small budget and making out of it something that is fully deserving of theatrical release. It shows that this is Mainetti's first feature and many edges have to be rounded off in the action department: the hits are never shown on camera. On the other hand, the director uses the hand-held shot in a particularly pleasing way, making the shots breathe and giving each of them multiple beats which is always nice to see.","b@b.com","they call me jeeg","2015"
55,"2017-03-14 11:03:19","The performances are unexceptionally fine. Emma Watson, making an intuitive leap from the bookish, lovely Hermione Granger to the bookish, lovely Belle, gives us a luminous if not exactly full-throated heroine. Dan Stevens, his good looks peeking out from behind the Beastâ??s horned countenance and gruff manner, pulls off an excellent hybrid of Bigfoot and Mr. Darcy.","mango@gmail.com","Beauty and the Beast","2017"
54,"2017-03-14 11:00:30","This is an awesome movie! I love it!","mango@gmail.com","The Belko Experiment","2016"
56,"2017-03-14 11:14:33","It pains me to say it, but Malick might want to consider another lengthy hiatus. ","apple@gmail.com","Song to Song","2017"
57,"2017-03-14 11:15:51","Ozon tends to favour a twisty narrative, and again offers a juicy one here that makes further plot description impossible. Suffice it to say that the filmâ??s best stretch involves Anna journeying to Paris and take on a more active role as detective. Itâ??s thrilling to watch such a sullen character finally take flight.","apple@gmail.com","Frantz","2016"
58,"2017-03-14 11:17:24","La La Land is about grabbing it, only to open your hand and â?¦ poof. Nothing is quite as elusive as what you really want.","apple@gmail.com","La La Land","2016"
59,"2017-03-14 11:21:42","Very well made, though I don't generally like musicals and there is nothing in the songs here to change my mind. Emma Stone is fantastic as always. The story felt flat at the end. ","sfjpatrick@gmail.com","La La Land","2016"
62,"2017-03-14 13:46:46","comments:random random","a@a.com","Beauty and the Beast","2017"
63,"2017-03-14 13:53:17","comments:emma emma","a@a.com","Beauty and the Beast","2017"
272,"2017-04-26 00:47:35","Great movie!","a@a.com","Beauty and the Beast","2017"
282,"2017-04-26 00:48:31","Such a great movie!","mango@gmail.com","Beauty and the Beast","2017"
262,"2017-04-26 00:47:24","Great movie!","a@a.com","Beauty and the Beast","2017"
122,"2017-04-22 00:28:57","???","vkazas2@gmail.com","T2 Trainspotting","2017"
140,"2017-04-25 17:37:55","This is an awesome movie!","milky@gmail.com
","La La Land","2016"
172,"2017-04-25 17:53:00","i love it","b@b.com","Logan","2017"
192,"2017-04-25 18:28:05","Just so beautiful","milky@gmail.com","The Shack","2017"
432,"2017-04-26 04:43:49","Great!","milky@gmail.com","Logan","2017"
442,"2017-04-26 15:09:00","There’s much to take in here, including the film’s narrative fragmentation, which requires you to go with the flow as you also puzzle together the story’s parts, themes and circling characters","a@a.com","Song to Song","2017"
252,"2017-04-25 22:45:54","I really think a lot about this movie after watching it, and I think it deserves a 5-star!","kiwi@gmail.com","They Call Me Jeeg","2015"
292,"2017-04-26 00:49:40","Such a Wonderfull movie!","mango@gmail.com","Beauty and the Beast","2017"
302,"2017-04-26 01:45:23","It really is a great movie. It earns so many tears.","kiwi@gmail.com","Logan","2017"
332,"2017-04-26 01:50:53","this is a very loooooooooooooooooooooooooooooooooooooooooooooooooooooooooooooooooooooooooooooooooooooooooooooooooooooooooooooooooooooooooooooooooooooooooooooooong comment","vkazas2@gmail.com","Song to Song","2017"
342,"2017-04-26 01:51:11","this is a very loooooooooooooooooooooooooooooooooooooooooooooooooooooooooooooooooooooooooooooooooooooooooooooooooooooooooooooooooooooooooooooooooooooooooooooooong comment","vkazas2@gmail.com","T2 Trainspotting","2017"
452,"2017-04-26 15:09:50","\"T2 Trainspotting\" is mostly a character study of damaged people trying to reconcile their troubled pasts and find a motivation to move forward.","a@a.com","T2 Trainspotting","2017"
502,"2017-04-26 15:17:41","The unsatisfying result of all the berserk paranoia is predictable.Talk about a take-no-prisoners plot.","octopus@gmail.com","The Belko Experiment","2016"
522,"2017-04-26 15:25:45","By the end of the film, you have the unshakable feeling that everyone involved, from actors to filmmakers to the audience, is better than material like this.","shang@gmail.com","The Belko Experiment","2016"
492,"2017-04-26 15:13:11","I was totally blown away by \"Get Out\". This is one of the best turns by an actor behind the camera I have ever seen (Jordan Peele). ","a@a.com","Get out","2017"
542,"2017-04-26 15:31:19","A fine bilingual cast, haunting period detail and a provocative approach to a twisting story carry the day.","shang@gmail.com","Frantz","2016"
572,"2017-04-26 15:46:55","Trainspotting 2, is not bad, but it is a failed attempt to emulate the success of its predecessor.","xh5@gmail.com","T2 Trainspotting","2017"
582,"2017-04-26 15:49:20","A fine bilingual cast, haunting period detail and a provocative approach to a twisting story carry the day.","xh5@gmail.com","Frantz","2016"
592,"2017-04-26 15:53:16","You may think of Dilbert one minute, the Nuremberg defense the next. No, really.","xh5@gmail.com","The Belko Experiment","2016"
602,"2017-04-26 15:53:48","With its gorgeous visuals, captivating narrative, and phenomenal music, La La Land easily earns its place as the very best film of 2016.","xh5@gmail.com","La La Land","2016"
612,"2017-04-26 16:06:20","It is hard to know how seriously to take the overlong tale s critique of mob corruption in government. There are many good popcorn moments, though, all done on the cheap.","xh5@gmail.com","They Call Me Jeeg","2015"
622,"2017-04-26 16:10:26","The film is full of life and loose humor, and Creed often transcends the genre by playing with movie mythology.","xh5@gmail.com","Creed","2015"
632,"2017-04-26 16:12:32","Italy finally gets its own superhero, and the results are surprisingly gritty and thoroughly enjoyable.","yujuan@gmail.com","They Call Me Jeeg","2015"
642,"2017-04-26 16:13:09","Though not the most sure-footed of superhero entries, as an offbeat perspective on the genre, \"They Call Me Jeeg\" merits an enthusiast look.","yujuan@gmail.com","Creed","2015"
652,"2017-04-26 16:14:37","Good, clean - well, not clean - generic fun from Wolf Creek director Greg McLean, bolstered by a solid ensemble cast and impressive bloodwork.","yujuan@gmail.com","The Belko Experiment","2016"
672,"2017-04-26 16:15:15","I have yet to meet someone who has watched it and come out in a bad mood.","yujuan@gmail.com","La La Land","2016"
682,"2017-04-26 16:15:52","\"Frantz\" contains revelations unrelated to the manner in which it protects, and then peels away, its central mystery. Ultimately, it addresses the question: Why go on living when life itself betrays us?","yujuan@gmail.com","Frantz","2016"
692,"2017-04-26 16:16:33","The quartet of gifted actors cannot possibly match their youthful charisma... but they can find deeper resonance in the characters emotional lives, a sense of lessons learned and proper amends proffered.","yujuan@gmail.com","T2 Trainspotting","2017"
712,"2017-04-26 16:17:32","Overall, Beauty and the Beast is exactly what you want from a classic Disney film.","yujuan@gmail.com","Beauty and the Beast","2017"
722,"2017-04-26 16:18:14","Get Out is about how we should get out of our own abyss conditioned by familiarity and history, and it is one of the smartest films out there.","yujuan@gmail.com","Get out","2017"
732,"2017-04-26 16:19:06","Logan is not just the latest but the greatest Wolverine movie.","yujuan@gmail.com","Logan","2017"
742,"2017-04-26 16:20:00","\"Song to Song\" is first truly awful film of Terrence Malick.","yujuan@gmail.com","Song to Song","2017"
752,"2017-04-26 16:21:01","While Mangold grants the gruesome, R-rated dreams of X-fans, Logan stands as one of the best comic book movies of all time by slicing through fatalistic philosophy","emma@gmail.com","Logan","2017"
762,"2017-04-26 16:22:38","\"Song to Song\" is not the sleepy disappointment last two films by Malick were,  but it easy not to wish he had wake up.","emma@gmail.com","Song to Song","2017"
772,"2017-04-26 16:23:14","The Christian God is rarely shown figuratively in movies, and The Shack is a good example of why not.","emma@gmail.com","The Shack","2017"
782,"2017-04-26 16:24:08","La La Land reflects the classic musicals just like The Hobbit reflects The Lord of the Rings: you can recognize the inspiration, but cannot avoid thinking the originals were much better.","emma@gmail.com","La La Land","2016"
792,"2017-04-26 16:24:40","For all its promise to be a wry commentary on the savagery of office politics, \"The Belko Experiment\" is more like an experiment in how many cracked-open skulls can be crammed into one movie.","emma@gmail.com","The Belko Experiment","2016"
802,"2017-04-26 16:25:01","\"Frantz\" is pleasurable slow going, developing its themes at an amble but with a measure of suspense, sympathy toward its characters, and a lasting faith in filmmaking craft.","emma@gmail.com","Frantz","2016"
812,"2017-04-26 16:25:49","Despite being a little heavy and disjointed, this is irreverent, mad-cap fun.","emma@gmail.com","They Call Me Jeeg","2015"
822,"2017-04-26 16:26:20","Stallone is not only giving his best performance to since Rocky, but Michael B. Jordan has fully established himself as a leading man to be reckoned with.","emma@gmail.com","Creed","2015"
832,"2017-04-26 16:27:43","Logan is definitely good news for those looking for more visceral stories in comics. ","xiaochen@gmail.com","Logan","2017"
842,"2017-04-26 16:28:14","The Shack will appeal to those who like Christian cinema and put the theme above the technical attributes.","xiaochen@gmail.com","The Shack","2017"
852,"2017-04-26 16:28:37","Well cast and slickly edited... situations are horrific in their banality... who knew teacups could be sinister?","xiaochen@gmail.com","Get out","2017"
862,"2017-04-26 16:29:46","Though not the most sure-footed of superhero entries, as an offbeat perspective on the genre, \"They Call Me Jeeg\" merits an enthusiast look.","xiaochen@gmail.com","They Call Me Jeeg","2015"
872,"2017-04-26 16:30:20","The movie as a whole is still excellent and well worth seeking out -- even if you do not really care about boxing or Rocky.","xiaochen@gmail.com","Creed","2015"
882,"2017-04-26 16:31:05","The scenery is more interesting than the movie stars moving through it -- until we are blessed by this Malick movie version of a priest: punk rock high priestess Patti Smith.","xiaochen@gmail.com","Song to Song","2017"
892,"2017-04-26 16:31:37","\"T2 Trainspotting\" is mostly a character study of damaged people trying to reconcile their troubled pasts and find a motivation to move forward.","xiaochen@gmail.com","T2 Trainspotting","2017"
902,"2017-04-26 16:32:17","The film tells the classic story in an entertaining and romantic way. I am sure most viewers will be pleased to see \"Beauty and the Beast\"; I can confirm that Disney is still on the right track.","xiaochen@gmail.com","Beauty and the Beast","2017"
932,"2017-04-26 16:33:41","With its subtle, artistic execution and poignant story, Frantz becomes a thoughtful reflection on the pain of war and the nature of forgiveness, even in the most extreme of circumstances. It is also a tragic reminder of how love can transcend deep wounds.","xiaochen@gmail.com","Frantz","2016"
922,"2017-04-26 16:32:51","A film with a scenic exuberance that resembles a patina in primary colors of the very vintage almanac of a disappeared and endearing world, and that tries to mythologize to Los Angeles like the capital of the dreams.","xiaochen@gmail.com","La La Land","2016"
942,"2017-04-26 16:34:59","Logan when, in the aftermath, our heroes navigate a battleground littered with non-combatants. For all the wrestling in the Marvel Universe with collateral damage, this is the best, most devastating representation of it.","caiwei@gmail.com","Logan","2017"
952,"2017-04-26 16:35:39","Everyone wants to get inside the other, live inside the other warm soul for a brief moment of connection and comfort. But they are all such airy characters, they breeze through the spaces like so many familiar, almost stereotypical spectres.","caiwei@gmail.com","Song to Song","2017"
962,"2017-04-26 16:36:10","If there is any justice, T2 will find the enthusiastic audience that its zippy style and trippy energy demand.","caiwei@gmail.com","T2 Trainspotting","2017"
972,"2017-04-26 16:36:32","This one nevertheless falls short, thanks to the plodding direction of Stuart Hazeldine, who also lets Worthington engage in the kind of mumbling whisper that some actors mistake for intensity.","caiwei@gmail.com","The Shack","2017"
982,"2017-04-26 16:37:09","It has all the elements so that the kids can learn something from it, beyond the undeniable fun of a very well made film with a charming romance, if they only seek for that.","caiwei@gmail.com","Beauty and the Beast","2017"
992,"2017-04-26 16:37:53","A marvel of tightly controlled pacing, off-kilter visuals, and rich atmosphere, Peele film owes a good deal of its exquisite shocks to the claustrophobic terrors of Rosemary-Baby and the manicured dread of Bryan Forbes-The Stepford Wives.","caiwei@gmail.com","Get out","2017"
1002,"2017-04-26 16:39:08","Creed is a special film that pound for pound competes with the best heartstring-pulling of Rocky Balboa 40-year screen odyssey but, crucially, looks to what is ahead in a very exciting way.","caiwei@gmail.com","Creed","2015"
1012,"2017-04-26 16:39:54","It asks what the characters of a Cinemascope musical would have to dream about, and answers with a finale that lifts the film to a higher plane of wish fulfillment and melancholy.","caiwei@gmail.com","La La Land","2016"
1022,"2017-04-26 16:40:26","French filmmaker Francois Ozon reminds us of the adage, \"the first casualty of war is truth.\" He does so in a way that beguiles but also bedevils.","caiwei@gmail.com","Frantz","2016"
