"name","year","director","type","actor"
"Logan","2017","","Action","Hugh Jackman"
"Get out","2017","Jordan Peele","Horror",""
"Beauty and the Beast","2017","Bill Condon","Fantasy","Emma Watson"
"The Shack","2017","Stuart Hazeldine","Drama","Sam Worthington, Octavia Spencer, Tim McGraw"
"T2 Trainspotting","2017","Danny Boyle","Drama","Ewan McGregor, Ewen Bremner, Jonny Lee Miller"
"Song to Song","2017","Terrence Malick","Music","Ryan Gosling, Natalie Portman, Michael Fassbender"
"The Belko Experiment","2016","Greg McLean","Horror","Adria Arjona, Abraham Benrubi, Michael Rooker"
"Frantz","2016","François Ozon","History","Pierre Niney, Paula Beer, Ernst Stötzner "
"They Call Me Jeeg","2015","Gabriele Mainetti","Action","Claudio Santamaria, Luca Marinelli, Ilenia Pastorelli "
"La La Land","2016","Damien Chazelle","Music","Ryan Gosling, Emma Stone, Rosemarie DeWitt"
"Whiplash","2014","Damien Chazelle","Music","Miles Teller, J.K. Simmons, Melissa Benoist"
"Creed","2015","Ryan Coogler","Drama","Michael B. Jordan, Sylvester Stallone, Tessa Thompson"
