"email","username","password",contribute
"a@a.com","a","a",34
"vkazaswhite@gmail.com","vkazas","123",10
"hahaha@163.com","ubuntu","bunengzhidao",0
"j@j.com","j","j",0
"test@test.com","test","1234",6
"ubi@163.com","jjdhfr","bunenghao",0
"del@d.com","del","del",6
"b@b.com","b","b",6
"mango@gmail.com","mango","mango",4
"milky@gmail.com","Milky","lalala",1
"apple@gmail.com","apple","apple",3
"sfjpatrick@gmail.com","sfjpatrick","pat",1
"vkazas2@gmail.com","vkazas2","123",0
"","","",0
"yusiy2@illinois.edu","Toy of Mihoutao","6692067",0
"kiwi@gmail.com","Kiwi","lalala",0
"toyofkiwi@gmail.com","Rebecca","lalala",0
"octopus@gmail.com","octopus","octopus",0
"shang@gmail.com","shang","shang",0
"xh5@gmail.com","xh5","xh5",0
"yujuan@gmail.com","yujuan","yujuan",0
"emma@gmail.com","emma","emma",0
"xiaochen@gmail.com","xiaochen","xiaochen",0
"caiwei@gmail.com","caiwei","caiwei",0
